[
{"id":"1","abbr":"Kej","name":"Kejadian"},
{"id":"2","abbr":"Kel","name":"Keluaran"},
{"id":"3","abbr":"Im","name":"Imamat"},
{"id":"4","abbr":"Bil","name":"Bilangan"},
{"id":"5","abbr":"Ul","name":"Ulangan"},
{"id":"6","abbr":"Yos","name":"Yosua"},
{"id":"7","abbr":"Hak","name":"Hakim-hakim"},
{"id":"8","abbr":"Rut","name":"Rut"},
{"id":"9","abbr":"1Sam","name":"1 Samuel"},
{"id":"10","abbr":"2Sam","name":"2 Samuel"},
{"id":"11","abbr":"1Raj","name":"1 Raja-raja"},
{"id":"12","abbr":"2Raj","name":"2 Raja-raja"},
{"id":"13","abbr":"1Taw","name":"1 Tawarikh"},
{"id":"14","abbr":"2Taw","name":"2 Tawarikh"},
{"id":"15","abbr":"Ezr","name":"Ezra"},
{"id":"16","abbr":"Neh","name":"Nehemia"},
{"id":"17","abbr":"Est","name":"Ester"},
{"id":"18","abbr":"Ayb","name":"Ayub"},
{"id":"19","abbr":"Mzm","name":"Mazmur"},
{"id":"20","abbr":"Ams","name":"Amsal"},
{"id":"21","abbr":"Pkh","name":"Pengkhotbah"},
{"id":"22","abbr":"Kid","name":"Kidung Agung"},
{"id":"23","abbr":"Yes","name":"Yesaya"},
{"id":"24","abbr":"Yer","name":"Yeremia"},
{"id":"25","abbr":"Rat","name":"Ratapan"},
{"id":"26","abbr":"Yeh","name":"Yehezkiel"},
{"id":"27","abbr":"Dan","name":"Daniel"},
{"id":"28","abbr":"Hos","name":"Hosea"},
{"id":"29","abbr":"Yl","name":"Yoel"},
{"id":"30","abbr":"Am","name":"Amos"},
{"id":"31","abbr":"Ob","name":"Obaja"},
{"id":"32","abbr":"Yun","name":"Yunus"},
{"id":"33","abbr":"Mi","name":"Mikha"},
{"id":"34","abbr":"Nah","name":"Nahum"},
{"id":"35","abbr":"Hab","name":"Habakuk"},
{"id":"36","abbr":"Zef","name":"Zefanya"},
{"id":"37","abbr":"Hag","name":"Hagai"},
{"id":"38","abbr":"Za","name":"Zakharia"},
{"id":"39","abbr":"Mal","name":"Maleakhi"},
{"id":"40","abbr":"Mat","name":"Matius"},
{"id":"41","abbr":"Mrk","name":"Markus"},
{"id":"42","abbr":"Luk","name":"Lukas"},
{"id":"43","abbr":"Yoh","name":"Yohanes"},
{"id":"44","abbr":"Kis","name":"Kisah Para Rasul"},
{"id":"45","abbr":"Rm","name":"Roma"},
{"id":"46","abbr":"1Kor","name":"1 Korintus"},
{"id":"47","abbr":"2Kor","name":"2 Korintus"},
{"id":"48","abbr":"Gal","name":"Galatia"},
{"id":"49","abbr":"Ef","name":"Efesus"},
{"id":"50","abbr":"Flp","name":"Filipi"},
{"id":"51","abbr":"Kol","name":"Kolose"},
{"id":"52","abbr":"1Tes","name":"1 Tesalonika"},
{"id":"53","abbr":"2Tes","name":"2 Tesalonika"},
{"id":"54","abbr":"1Tim","name":"1 Timotius"},
{"id":"55","abbr":"2Tim","name":"2 Timotius"},
{"id":"56","abbr":"Tit","name":"Titus"},
{"id":"57","abbr":"Flm","name":"Filemon"},
{"id":"58","abbr":"Ibr","name":"Ibrani"},
{"id":"59","abbr":"Yak","name":"Yakobus"},
{"id":"60","abbr":"1Ptr","name":"1 Petrus"},
{"id":"61","abbr":"2Ptr","name":"2 Petrus"},
{"id":"62","abbr":"1Yoh","name":"1 Yohanes"},
{"id":"63","abbr":"2Yoh","name":"2 Yohanes"},
{"id":"64","abbr":"3Yoh","name":"3 Yohanes"},
{"id":"65","abbr":"Yud","name":"Yudas"},
{"id":"66","abbr":"Why","name":"Wahyu"}
]
